Workbook
Name _Hlk134004467: Summary!#REF!
Name _Hlk135321533: Summary!#REF!

Sheet Summary
C2: Test Matrix for | D2: Calibur3 16-Bit Coil Driver
C3: Assembly Part Number: | D3: DA-1260-101661
C4: Revision: | D4: A-02
C5: Progress: | D5: =D29 -> 0.33333333
C6: Status: | D6: =IF(COUNTIF(E10:E24,"FAIL") + COUNTIF(E10:E24,"TBD") > 0, "FAIL", "PASS") -> FAIL | E6: =COUNTIF(E10:E24,"FAIL")+COUNTIF(E10:E24,"TBD") -> 9
C9: Group | D9: Test Description | E9: Status | F9: Notes or Observations
C10: Electrical Characteristics | D10: =Electrical!B10 -> AT21CS01 DC Characteristics | E10: =IF(COUNTIF(Electrical!H12:H17,"FAIL") > 0, "FAIL", IF(COUNTIF(Electrical!H12:H17,"TBD") > 0, "TBD", "PASS")) -> FAIL
D11: =Electrical!B19 -> Reset and Discovery Response Timing - High Speed | E11: =IF(COUNTIF(Electrical!H21:H28,"FAIL") > 0, "FAIL", IF(COUNTIF(Electrical!H21:H28,"TBD") > 0, "TBD", "PASS")) -> FAIL
D12: =Electrical!B30 -> AT21CS01 DC Characteristics - High Speed | E12: =IF(COUNTIF(Electrical!H32:H39,"FAIL") > 0, "FAIL", IF(COUNTIF(Electrical!H32:H39,"TBD") > 0, "TBD", "PASS")) -> FAIL
C14: Functional | D14: Discovery Response | E14: TBD
D15: Read Manufacturer and Device IDs | E15: TBD
D16: Write-Read-Verify - Single Byte Write | E16: TBD
D17: Write-Read-Verify - 8-Byte Page Write | E17: TBD
C19: 256-Bit Security Register | D19: Read 64-Bit Serial Number | E19: TBD
D20: Write Label UID to User-Programmable Area | E20: TBD
C24: Number of tests | D24: =COUNTIF(D10:D23,"<>"&"") -> 9
C25: Number of TBD | D25: =COUNTIF(E10:E23,"TBD") -> 6
C26: Number of PASS | D26: =COUNTIF(E10:E23,"PASS") -> 0
C27: Number of FAIL | D27: =COUNTIF(E10:E23,"FAIL") -> 3
D28: =SUM(D25:D27) -> 9
C29: Percent complete | D29: =(D28-D25)/D28 -> 0.33333333

Sheet Electrical
B10: AT21CS01 DC Characteristics
B11: Parameter | C11: Symbol | D11: Min | E11: Max | F11: Measured | G11: Units | H11: Pass/Fail | I11: Notes
B12: Pull-up Voltage | C12: VPUP | D12: 1.7 | E12: 3.6 | F12: 1.81 | G12: V | H12: =IF(F12="","TBD",IF(OR(F12<D12,F12>E12),"FAIL","PASS")) -> PASS
B13: Pull-Up Resistance | C13: RPUP | D13: 200 | E13: 1800 | F13: 204 | G13: Ω | H13: =IF(F13="","TBD",IF(OR(F13<D13,F13>E13),"FAIL","PASS")) -> PASS
B14: Input Low Level | C14: VIL | D14: -0.6 | E14: 0.5 | F14: 0.17 | G14: V | H14: =IF(F14="","TBD",IF(OR(F14<D14,F14>E14),"FAIL","PASS")) -> PASS
B15: Input High Level | C15: VIH | D15: =F12*0.7 -> 1.267 | E15: =F12+0.5 -> 2.31 | F15: 1.81 | G15: V | H15: =IF(F15="","TBD",IF(OR(F15<D15,F15>E15),"FAIL","PASS")) -> PASS
B16: Output Low Level | C16: VOL | D16: 0 | E16: 0.4 | F16: 0 | G16: V | H16: =IF(F16="","TBD",IF(OR(F16<D16,F16>E16),"FAIL","PASS")) -> PASS
B17: Bus Capacitance | C17: CBUS | D17: 0 | E17: 1000 | F17: 1160 | G17: pF | H17: =IF(F17="","TBD",IF(OR(F17<D17,F17>E17),"FAIL","PASS")) -> FAIL | I17: attached probe; its generally probably fine
B19: Reset and Discovery Response Timing - High Speed
B20: Parameter | C20: Symbol | D20: Min | E20: Max | F20: Measured | G20: Units | H20: Pass/Fail | I20: Notes
B21: Reset Low Time, Device in Inactive State | C21: tRESET | D21: 96 | E21: 1000 | F21: 96.02 | G21: µs | H21: =IF(F21="","TBD",IF(OR(F21<D21,F21>E21),"FAIL","PASS")) -> PASS
B22: Discharge Low Time, Device in Active Write Cycle (tWR) | C22: tDSCHG | D22: 150 | E22: 1000 | F22: 480 | G22: µs | H22: =IF(F22="","TBD",IF(OR(F22<D22,F22>E22),"FAIL","PASS")) -> PASS | I22: Tested in sim
B23: Reset Recovery Time | C23: tRRT | D23: 8 | E23: 1000 | F23: 104 | G23: µs | H23: =IF(F23="","TBD",IF(OR(F23<D23,F23>E23),"FAIL","PASS")) -> PASS
B24: SI/O line transition time from VIL to VIH | C24: tPUP | D24: 0 | E24: 1 | F24: 0.2 | G24: µs | H24: =IF(F24="","TBD",IF(OR(F24<D24,F24>E24),"FAIL","PASS")) -> PASS
B25: Discovery Response Request | C25: tDRR | D25: 1 | E25: =2-F24 -> 1.8 | F25: 1 | G25: µs | H25: =IF(F25="","TBD",IF(OR(F25<D25,F25>E25),"FAIL","PASS")) -> PASS
B26: Discovery Response Acknowledge Time | C26: tDACK | D26: 8 | E26: 24 | F26: 17 | G26: µs | H26: =IF(F26="","TBD",IF(OR(F26<D26,F26>E26),"FAIL","PASS")) -> PASS
B27: Host Strobe Discovery Response Time | C27: tMSDR | D27: 2 | E27: 6 | F27: 1 | G27: µs | H27: =IF(F27="","TBD",IF(OR(F27<D27,F27>E27),"FAIL","PASS")) -> FAIL
B28: SI/O High Time for Start/Stop Condition | C28: tHTSS | D28: 150 | E28: 1000 | F28: 1000 | G28: µs | H28: =IF(F28="","TBD",IF(OR(F28<D28,F28>E28),"FAIL","PASS")) -> PASS
B30: AT21CS01 DC Characteristics - High Speed
B31: Parameter | C31: Symbol | D31: Min | E31: Max | F31: Measured | G31: Units | H31: Pass/Fail | I31: Notes
B32: Bit Frame Duration | C32: tBIT | D32: =F34+F24+F39 -> 30.26 | E32: 25 | F32: 26 | G32: µs | H32: =IF(F32="","TBD",IF(OR(F32<D32,F32>E32),"FAIL","PASS")) -> FAIL
B33: SI/O High Time for Start/Stop Condition | C33: tHTSS | D33: 150 | E33: 1000 | F33: 1000 | G33: µs | H33: =IF(F33="","TBD",IF(OR(F33<D33,F33>E33),"FAIL","PASS")) -> PASS
B34: SI/O Low Time, Logic ‘0’ Condition | C34: tLOW0 | D34: 6 | E34: 16 | F34: 6.06 | G34: µs | H34: =IF(F34="","TBD",IF(OR(F34<D34,F34>E34),"FAIL","PASS")) -> PASS
B35: SI/O Low Time, Logic ‘1’ Condition | C35: tLOW1 | D35: 1 | E35: 2 | F35: 1.1 | G35: µs | H35: =IF(F35="","TBD",IF(OR(F35<D35,F35>E35),"FAIL","PASS")) -> PASS
B36: Host SI/O Low Time During Read | C36: tRD | D36: 1 | E36: =2-F24 -> 1.8 | F36: 1 | G36: µs | H36: =IF(F36="","TBD",IF(OR(F36<D36,F36>E36),"FAIL","PASS")) -> PASS
B37: Host Read Strobe Time | C37: tMRS | D37: =F36+F24 -> 1.2 | E37: 2 | F37: 1.3 | G37: µs | H37: =IF(F37="","TBD",IF(OR(F37<D37,F37>E37),"FAIL","PASS")) -> PASS
B38: Data Output Hold Time (Logic ‘0’) | C38: tHLD0 | D38: 2 | E38: 6 | F38: 4.7 | G38: µs | H38: =IF(F38="","TBD",IF(OR(F38<D38,F38>E38),"FAIL","PASS")) -> PASS
B39: Client Recovery Time | C39: tRCV | D39: 2 | E39: 1000 | F39: 24 | G39: µs | H39: =IF(F39="","TBD",IF(OR(F39<D39,F39>E39),"FAIL","PASS")) -> PASS
